from,to,detail,type,contract_size
UK government,Conservative party,The Conservatives have been in government since 2010 (in coalition) and since 2015 as a single-party government,member,
UK government,Boris Johnson,Boris Johnson is the Prime Minister,member,
Conservative party,Boris Johnson,Boris Johnson is a Conservative MP and currently Prime Minister,member,
Leader's Club,Boris Johnson,The Prime Minister regularly attends private dinners and drinks receptions with this group of wealthy Tory donors,group,
Anthony Page,Michelle Mone,"Before founding PPE Medpro, Anthony Page was the secretary of the company which manages Michelle Mone's ""brand""",job,
Douglas Barrowman,Knox Group,Douglas Barrowman founded the Knox group of companies,job,
Douglas Barrowman,Michelle Mone,Douglas Barrowman and Michelle Mone are engaged,family,
Conservative party,Lancaster Knox LLP,"Lancaster Knox LLP has given <a target=""_blank"" href=""http://search.electoralcommission.org.uk/?currentPage=1&rows=10&query=lancaster%20knox&sort=AcceptedDate&order=desc&tab=1&et=pp&et=ppm&et=tp&et=perpar&et=rd&isIrishSourceYes=true&isIrishSourceNo=true&prePoll=false&postPoll=true&register=gb&register=ni&register=none&optCols=Register&optCols=CampaigningName&optCols=AccountingUnitsAsCentralParty&optCols=IsSponsorship&optCols=IsIrishSource&optCols=RegulatedDoneeType&optCols=CompanyRegistrationNumber&optCols=Postcode&optCols=NatureOfDonation&optCols=PurposeOfVisit&optCols=DonationAction&optCols=ReportedDate&optCols=IsReportedPrePoll&optCols=ReportingPeriodName&optCols=IsBequest&optCols=IsAggregation"">over £200,000 to the Conservative party</a> since 2017",donor,200
Conservative party,HM Revenue and Customs,"HM Revenue and Customs has given <a target=""_blank"" href=""http://search.electoralcommission.org.uk/Search/Donations?currentPage=1&rows=30&query=Revenue%20Customs%20unionist&sort=AcceptedDate&order=desc&tab=1&et=pp&et=ppm&et=tp&et=perpar&et=rd&isIrishSourceYes=true&isIrishSourceNo=true&prePoll=false&postPoll=true&register=gb&register=ni&register=none&optCols=Register&optCols=CampaigningName&optCols=AccountingUnitsAsCentralParty&optCols=IsSponsorship&optCols=IsIrishSource&optCols=RegulatedDoneeType&optCols=CompanyRegistrationNumber&optCols=Postcode&optCols=NatureOfDonation&optCols=PurposeOfVisit&optCols=DonationAction&optCols=ReportedDate&optCols=IsReportedPrePoll&optCols=ReportingPeriodName&optCols=IsBequest&optCols=IsAggregation""> over £70,000 to the Conservatives</a> since Q2 2020",donor,
Conservative party,David Cameron,David Cameron was a Conservative Prime Minister,job,
Conservative party,Michelle Mone,Michelle Mone was made into a Conservative peer by David Cameron in 2015,job,
Knox House Trustees (UK) Limited,Anthony Page,Anthony Page is a Director at Knox House Trustees (UK) Limited,job,
Knox Group,Knox House Trustees (UK) Limited,Knox House Trustees (UK) Limited is part of the Knox group of companies,corporate,
Knox Group,"HM Revenue and Customs has given <a target=""_blank"" href=""http://search.electoralcommission.org.uk/Search/Donations?currentPage=1&rows=30&query=Revenue%20Customs%20unionist&sort=AcceptedDate&order=desc&tab=1&et=pp&et=ppm&et=tp&et=perpar&et=rd&isIrishSourceYes=true&isIrishSourceNo=true&prePoll=false&postPoll=true&register=gb&register=ni&register=none&optCols=Register&optCols=CampaigningName&optCols=AccountingUnitsAsCentralParty&optCols=IsSponsorship&optCols=IsIrishSource&optCols=RegulatedDoneeType&optCols=CompanyRegistrationNumber&optCols=Postcode&optCols=NatureOfDonation&optCols=PurposeOfVisit&optCols=DonationAction&optCols=ReportedDate&optCols=IsReportedPrePoll&optCols=ReportingPeriodName&optCols=IsBequest&optCols=IsAggregation"">over £70,000 to the Conservative Party from Q2 2020</a>",Lancaster Knox is part of the Knox group of companies,corporate,
Conservative party,Douglas Barrowman,"Billionaire Douglas Barrowman tried to <a target=""_blank"" href=""http://search.electoralcommission.org.uk/English/Donations/I0405715"">donate £2,500</a> to the Tories in 2019, but it was returned since he was not on the electoral register at the time, making him an ""impermissible donor"" under the current rules. ",donor,2.5
Conservative party,Jesse Norman,Alexander Jesse Norman is a Conservative MP and government minister serving as Financial Secretary to the Treasury since 2019,job,
Jesse Norman,Boris Johnson,"Jesse Norman and Boris Johnson were contemporaries and <a target=""_blank"" href=""https://www.theguardian.com/education/2013/apr/27/jesse-norman-eton-school-uk-government""knew each other at Eton</a>",informal,
Conservative party,Mel Stride,Stride served in the May Government as Financial Secretary to the Treasury and Paymaster General from 2017 to 2019.,job,
Knox House Trustees (UK) Limited,James Alexander Heathcote,James Alexander Heathcote is a Director at Knox House Trustees (UK) Limited,job,
Knox House Trustees (UK) Limited,Arthur John Lancaster,Arthur John Lancaster is a Director at Knox House Trustees (UK) Limited,job,
Knox House Trustees (UK) Limited,Douglas Barrowman,Has significant influence or control of Knox House Trustees (UK) Limited,job,
Vanquish Options Limited,Arthur John Lancaster,Arthur John Lancaster was a Director at Vanquish Options Limited,job,
Vanquish Options Limited,Timothy Clive Eve,Timothy Clive Eve was a Director and Company Secretary at Vanquish Options Limited,job,
Hamilton Trust Limited,Guernsey,"Hamilton Trustees Limited was based in Guernsey, a tax haven",jurisdiction,
K2/Cirrus Contractor Solutions,Jersey,"K2/Cirrus Contractor Solutions was based in Jersey, a tax haven",jurisdiction,
Isle of Man,AML Executive PPC Limited,"AML Executive PPC Limited was registered in the Isle of Man, a tax haven",jurisdiction,
Knox Group,AML Executive PPC Limited,AML Executive PPC Limited was part of the Knox group of companies,corporate,
Isle of Man,119277C Limited,"119277C Limited was registered in the Isle of Man, a tax haven",jurisdiction,
Knox Group,119277C Limited,119277C Limited was part of the Knox group of companies,corporate,
Isle of Man,AML Tax (IOM) Limited,"AML Tax (IOM) Limited is registered in the Isle of Man, a tax haven",jurisdiction,
Knox Group,AML Tax (IOM) Limited,AML Tax (IOM) Limited is part of the Knox group of companies,corporate,
Isle of Man,SmartPay Executive Limited,"SmartPay Executive Limited is registered in the Isle of Man, a tax haven",jurisdiction,
Knox Group,SmartPay Executive Limited,SmartPay Executive Limited is part of the Knox group of companies,corporate,
Hyrax Resourcing Limited,Joanne Marie Macnamara,Joanne Marie Macnamara is a director of Hyrax Resourcing Limited,job,
Peak Performance Professional Contracts Limited,Joanne Marie Macnamara,Joanne Marie Macnamara was a director of Peak Performance Professional Contracts Limited,job,
Peak Performance Professional Contracts Limited,David Gill,David Gill is a director of Peak Performance Professional Contracts Limited,job,
Peak Performance Professional Contracts Limited,Hamilton Trust Limited,Peak Performance Professional Contracts Limited (3PCL) is an intermediary firm for the Hamilton scheme,corporate,
Peak Performance Professional Contracts Limited,K2/Cirrus Contractor Solutions,Peak Performance Professional Contracts Limited (3PCL) is an intermediary firm for the K2/Cirrus scheme,corporate,
Peak Performance Professional Contracts Limited,Hyrax Resourcing Limited,Peak Performance Professional Contracts Limited (3PCL) is an intermediary firm for the Hyrax scheme,corporate,
HM Treasury,UK government,HM Treasury is the department responsible for developing and executing the government's public finance policy and economic policy,member,
HM Revenue and Customs,HM Treasury,HM Revenue and Customs is a non-ministerial department responsible for the collection of taxes,member,
HM Treasury,Boris Johnson,Fiirst Lord of the Treasury,job,
HM Treasury,Rishi Sunak,Chancellor of the Exchequer,job,
HM Treasury,Jesse Norman,Financial Secretary to the Treasury,job,
HM Treasury,John Glen,Economic Secretary to the Treasury,job,
HM Treasury,Mel Stride,Chair of the Treasury Select Committee,job,
HM Revenue and Customs,Jim Harra,First Permanent Secretary and Chief Executive of HM Revenue and Customs since October 2019,job,
Conservative party,Rishi Sunak,Chancellor of the Exchequer,member,
Conservative party,John Glen,Economic Secretary to the Treasury,member,
RCDTS Limited,HM Revenue and Customs,"RCDTS Ltd provides HMRC with managed information technology services, which directly contribute to the support and running of HMRC",corporate,
RCDTS Limited,Jim Harra,The sole member of RCDTS Ltd is officially the Treasury Solicitor. The Treasury Solicitor has granted a power of attorney to Sir Jonathan Thompson and Jim Harra (as his deputy) which enables them to exercise all powers of the sole member,job,
RCDTS Limited,Jonathan Thompson,The sole member of RCDTS Ltd is officially the Treasury Solicitor. The Treasury Solicitor has granted a power of attorney to Sir Jonathan Thompson and Jim Harra (as his deputy) which enables them to exercise all powers of the sole member,job,
HM Revenue and Customs,Jonathan Thompson,Sir Jonathan was appointed Chief Executive and Permanent Secretary of HM Revenue and Customs in April 2016 ,job,
Simon Roger Emblin,FS Capital Limited,Simon Emblin is a director of FS Capital Limited,job,
FS Capital Limited,K2/Cirrus Contractor Solutions,FS Capital is demanding loan repayments from users of the K2/Cirrus Constractor Solutions schemes,demand,
FS Capital Limited,Hyrax Resourcing Limited,FS Capital is demanding loan repayments from users of the Hyrax scheme,demand,
Smartpay Consulting Limited,Malta,Malta Incorporated Panama Papers,jurisdiction,
Falcon Management Limited,Malta,Malta Incorporated Panama Papers,jurisdiction,
Falcon Contracts Limited,Malta,Malta Incorporated Panama Papers,jurisdiction,
Smartpay Management Limited,Malta,Malta Incorporated Panama Papers,jurisdiction,
Timothy Brian Blackburn,Malta,Malta / Isle of Man Arthur Lancaster connection,jurisdiction,
Pulse Professional Services limited,Malta,Malta Incorporated Panama Papers,jurisdiction,
Contracting Options Limited,Malta,Malta Incorporated Panama Papers,jurisdiction,
SP Management Limited,Malta,Malta Incorporated,jurisdiction,
HM Treasury,Amyas Charles Edward Morse,"In September 2019, the Chancellor commissioned Sir Amyas Morse to lead an independent review into the disguised remuneration loan charge",job,
HM Revenue and Customs,Amyas Charles Edward Morse,"In September 2019, the Chancellor commissioned Sir Amyas Morse to lead an independent review into the disguised remuneration loan charge",job,
Adrian Sacco,Felicitas Solutions Limited,Adrian Sacco has significant control of Felicitas Solutions Limited in both the UK and Isle of Man,job,
Felicitas Solutions Limited,Isle Of Man,Felicitas Solutions Limited is registered in both the Isle Of Man and the UK,jurisdiction,
Felicitas Solutions Limited,Garraway/Sanzar,Felicitas Solutions Limited is demanding loan repayments from users of the Garraway/Sanzar scheme,demand,
Felicitas Solutions Limited,IQ,Felicitas Solutions Limited is demanding loan repayments from users of the IQ scheme,demand,
Felicitas Solutions Limited,Winchester,Felicitas Solutions Limited is demanding loan repayments from users of the Winchester scheme,demand,
Isle of Man,Garraway/Sanzar,Garraway/Sanzar was registered in the Isle Of Man,jurisdiction,
Isle of Man,IQ,IQ was registered in the Isle Of Man,jurisdiction,
Isle of Man,Winchester,Winchester was registered in the Isle Of Man,jurisdiction,
Sajid Javid,Conservative party,Sajid Javid is a member of the Conservative Party,member,
Knox International Limited,Arthur John Lancaster,Arthur John Lancaster is a Director of Knox International Limited,job,
Knox International Limited,Douglas Barrowman,Douglas Barrowman is a person with significant control in Knox International Limited ,job,
Knox International Limited,Michelle Mone Interiors Unlimited,Knox International Limited has significant control in Michelle Mone Interiors Unlimited,corporate,
Timothy Clive Eve,Michelle Mone Interiors Unlimited,Timothy Clive Eve is a Director of Michelle Mone Interiors Unlimited,job,
Paul George Ruocco,Vanquish Options Limited,Paul George Ruocco was a director of Vanquish Options Limited,job,
Lancaster Knox LLP,Arthur John Lancaster,Arthur John Lancaster is a partner of Lancaster Knox LLP,job,
PathFinder Tax Services Limited,Knox Limited,PathFinder Tax Services Limited is part of the Knox group of companies,corporate,
Aston Management Limited,Knox Limited,Aston Management Limited is part of the Knox group of companies,corporate,
PathFinder Tax Services Limited,Timothy Clive Eve,Timothy Clive Eve is a Director of PathFinder Tax Services Limited,job,
Aston Management Limited,Timothy Clive Eve,Timothy Clive Eve is a Director of Aston Management Limited,job,
AVL Consultants Limited,Paul George Ruocco,Paul George Ruocco is a director of AVL Consultants Limited,job,
AVL Consultants Limited,Timothy Clive Eve,Timothy Clive Eve was a Director of AVL Consultants Limited,job,
AVL Consultants Limited,Douglas Barrowman,Douglas Barrowman was a Director of AVL Consultants Limited,job,
SmartPay Limited,Paul George Ruocco,Paul George Ruocco is a director of SmartPay Limited,job,
SmartPay Limited,Timothy Clive Eve,Timothy Clive Eve was a Director of SmartPay Limited,job,
Lancaster Knox LLP,Timothy Clive Eve,Timothy Clive Eve is a partner of Lancaster Knox LLP,job,
Cascade Management Solutions Limited,David Mainsbridge,David Mainsbridge is a director of Cascade Management Solutions Limited,job,
Michelle Mone,Michelle Mone Interiors Unlimited,Michelle Mone is a director of Michelle Mone Interiors Unlimited,job,
RCDTS Limited,Amyas Charles Edward Morse,Sir Amyas Morse was the auditor of RCDTS Limited in July 2018,job,
Leader's Club,Douglas Barrowman,"Lancaster Knox LLP has given <a target=""_blank"" href=""http://search.electoralcommission.org.uk/?currentPage=1&rows=10&query=lancaster%20knox&sort=AcceptedDate&order=desc&tab=1&et=pp&et=ppm&et=tp&et=perpar&et=rd&isIrishSourceYes=true&isIrishSourceNo=true&prePoll=false&postPoll=true&register=gb&register=ni&register=none&optCols=Register&optCols=CampaigningName&optCols=AccountingUnitsAsCentralParty&optCols=IsSponsorship&optCols=IsIrishSource&optCols=RegulatedDoneeType&optCols=CompanyRegistrationNumber&optCols=Postcode&optCols=NatureOfDonation&optCols=PurposeOfVisit&optCols=DonationAction&optCols=ReportedDate&optCols=IsReportedPrePoll&optCols=ReportingPeriodName&optCols=IsBequest&optCols=IsAggregation"">over £200,000 to the Conservative party</a> since 2017",member,
Leader's Club,David Ross,"David Ross has given <a target=""_blank"" href=""http://search.electoralcommission.org.uk/?currentPage=1&rows=10&query=%22David%20P%20Ross%22&sort=AcceptedDate&order=desc&tab=1&et=pp&et=ppm&et=tp&et=perpar&et=rd&isIrishSourceYes=true&isIrishSourceNo=true&prePoll=false&postPoll=true&register=gb&register=ni&register=none&optCols=Register&optCols=CampaigningName&optCols=AccountingUnitsAsCentralParty&optCols=IsSponsorship&optCols=IsIrishSource&optCols=RegulatedDoneeType&optCols=CompanyRegistrationNumber&optCols=Postcode&optCols=NatureOfDonation&optCols=PurposeOfVisit&optCols=DonationAction&optCols=ReportedDate&optCols=IsReportedPrePoll&optCols=ReportingPeriodName&optCols=IsBequest&optCols=IsAggregation""><a target=""_blank"" href=""http://search.electoralcommission.org.uk/?currentPage=1&rows=10&query=%22David%20Ross%22&sort=AcceptedDate&order=desc&tab=1&et=pp&et=ppm&et=tp&et=perpar&et=rd&isIrishSourceYes=true&isIrishSourceNo=true&prePoll=false&postPoll=true&register=gb&register=ni&register=none&optCols=Register&optCols=CampaigningName&optCols=AccountingUnitsAsCentralParty&optCols=IsSponsorship&optCols=IsIrishSource&optCols=RegulatedDoneeType&optCols=CompanyRegistrationNumber&optCols=Postcode&optCols=NatureOfDonation&optCols=PurposeOfVisit&optCols=DonationAction&optCols=ReportedDate&optCols=IsReportedPrePoll&optCols=ReportingPeriodName&optCols=IsBequest&optCols=IsAggregation""><a target=""_blank"" href=""http://search.electoralcommission.org.uk/?currentPage=1&rows=10&query=%22David%20PJ%20Ross%22&sort=AcceptedDate&order=desc&tab=1&et=pp&et=ppm&et=tp&et=perpar&et=rd&isIrishSourceYes=true&isIrishSourceNo=true&prePoll=false&postPoll=true&register=gb&register=ni&register=none&optCols=Register&optCols=CampaigningName&optCols=AccountingUnitsAsCentralParty&optCols=IsSponsorship&optCols=IsIrishSource&optCols=RegulatedDoneeType&optCols=CompanyRegistrationNumber&optCols=Postcode&optCols=NatureOfDonation&optCols=PurposeOfVisit&optCols=DonationAction&optCols=ReportedDate&optCols=IsReportedPrePoll&optCols=ReportingPeriodName&optCols=IsBequest&optCols=IsAggregation"">over £1,080,658 to the Conservative party</a> since 2006",donor,"1,080"
Leader's Club,Arthur John Lancaster,"Lancaster Knox LLP has given <a target=""_blank"" href=""http://search.electoralcommission.org.uk/?currentPage=1&rows=10&query=lancaster%20knox&sort=AcceptedDate&order=desc&tab=1&et=pp&et=ppm&et=tp&et=perpar&et=rd&isIrishSourceYes=true&isIrishSourceNo=true&prePoll=false&postPoll=true&register=gb&register=ni&register=none&optCols=Register&optCols=CampaigningName&optCols=AccountingUnitsAsCentralParty&optCols=IsSponsorship&optCols=IsIrishSource&optCols=RegulatedDoneeType&optCols=CompanyRegistrationNumber&optCols=Postcode&optCols=NatureOfDonation&optCols=PurposeOfVisit&optCols=DonationAction&optCols=ReportedDate&optCols=IsReportedPrePoll&optCols=ReportingPeriodName&optCols=IsBequest&optCols=IsAggregation"">over £200,000 to the Conservative party</a> since 2017",member,
Leader's Club,Timothy Clive Eve,"Lancaster Knox LLP has given <a target=""_blank"" href=""http://search.electoralcommission.org.uk/?currentPage=1&rows=10&query=lancaster%20knox&sort=AcceptedDate&order=desc&tab=1&et=pp&et=ppm&et=tp&et=perpar&et=rd&isIrishSourceYes=true&isIrishSourceNo=true&prePoll=false&postPoll=true&register=gb&register=ni&register=none&optCols=Register&optCols=CampaigningName&optCols=AccountingUnitsAsCentralParty&optCols=IsSponsorship&optCols=IsIrishSource&optCols=RegulatedDoneeType&optCols=CompanyRegistrationNumber&optCols=Postcode&optCols=NatureOfDonation&optCols=PurposeOfVisit&optCols=DonationAction&optCols=ReportedDate&optCols=IsReportedPrePoll&optCols=ReportingPeriodName&optCols=IsBequest&optCols=IsAggregation"">over £200,000 to the Conservative party</a> since 2017",member,
AML Tax LLP,Arthur John Lancaster,AML Tax LLP designated member,member,
AML Tax LLP,Nikolas Heath,"AML Tax LLP member <a target=""_blank"" href=""https://www.bbc.co.uk/news/uk-england-bristol-41499605"">Sentenced</a>",member,
AML Tax LLP,Alison Bradford,AML Tax LLP member,member,
AML Tax LLP,Lianne Guit,AML Tax LLP member,member,
AML Tax LLP,Mark Harrison,AML Tax LLP member,member,
AML Tax LLP,Adam Wallace,AML Tax LLP member,member,
AML Tax LLP,Mark Lyons,AML Tax LLP member,member,
AML Tax LLP,Andrew Simpson,AML Tax LLP member,member,
AML Tax LLP,Christopher Sparkes,AML Tax LLP member,member,
AML Tax LLP,Claudio Bacci,AML Tax LLP member,member,
AML Tax LLP,Duncan French,AML Tax LLP member,member,
AML Tax LLP,John Gill,AML Tax LLP member,member,
AML Tax LLP,Paul Grafton-Holt,AML Tax LLP member,member,
AML Tax LLP,David Hardy,AML Tax LLP member,member,
AML Tax LLP,Deborah Illingworth,AML Tax LLP member,member,
AML Tax LLP,Jasvinder Jhumat,AML Tax LLP member,member,
AML Tax LLP,Christopher Keavey,AML Tax LLP member,member,
AML Tax LLP,David McGovern,AML Tax LLP member,member,
AML Tax LLP,Kerry Mulder,AML Tax LLP member,member,
AML Tax LLP,Shoayb Patel,AML Tax LLP member,member,
AML Tax LLP,Nicholas Winterton,AML Tax LLP member,member,
CREECHURCH CAPITAL LIMITED,Arthur John Lancaster,"Director of <a target=""_blank"" href=""https://www.internationalinvestment.net/internationalinvestment/news/3503170/gbp685-record-payout-creechurch-whistleblower"">Record payout for whistleblower</a>",job,
SP Management Limited,Arthur John Lancaster,Director of,job,
Smartpay Consulting Limited,Arthur John Lancaster,Director of,job,
Falcon Contracts Limited,Arthur John Lancaster,Director of,job,
SP Management Limited,Jonathan Lang,Director of,job,
Smartpay Consulting Limited,Timothy Clive Eve,Director of,job,
Smartpay Consulting Limited,Timothy Brian Blackburn,Director of,job,
Smartpay Consulting Limited,Martin Rissbrook,Director of,job,
Lancaster Knox LLP,Martin Rissbrook,Martin Rissbrook is a former partner of Lancaster Knox LLP,job,
Falcon Contracts Limited,Martin Rissbrook,Director of,job,
Falcon Contracts Limited,Timothy Brian Blackburn,Director of,job,
Contracting Options Limited,Timothy Clive Eve,Director of,job,
Lion Resourcing Limited,Timothy Clive Eve,Director of,job,
Integra Resourcing Limited,Timothy Clive Eve,Director of,job,
PSC Resourcing Limited,Timothy Clive Eve,Director of,job,
PSC Services Limited,Timothy Clive Eve,Director of,job,
Pulse Professional Services limited,Timothy Brian Blackburn,Director of,job,
Smartpay Management Limited,Timothy Brian Blackburn,Director of,job,
Lion Resourcing Limited,Timothy Brian Blackburn,Director of,job,
Integra Resourcing Limited,Timothy Brian Blackburn,Director of,job,
PSC Services Limited,Timothy Brian Blackburn,Director of,job,
Contracting Options Limited,Timothy Brian Blackburn,Director of,job,
PSC Resourcing Limited,Timothy Brian Blackburn,Director of,job,
Falcon Management Limited,Timothy Brian Blackburn,Director of,job,
Pulse Professional Services limited,Knox Limited,Shareholder of,corporate,
Falcon Management Limited,Knox Limited,Shareholder of,corporate,
Contracting Options Limited,Knox Limited,Shareholder of,corporate,
Smartpay Management Limited,Martin Rissbrook,Director of,job,
Falcon Contracts Limited,Martin Rissbrook,Director of,job,
Falcon Management Limited,Martin Rissbrook,Director of,job,
Knox Worldwide Limited,Knox House Trust Limited,Intermediary of,corporate,
Knox (IOM) Limited,Knox House Trust Limited,Intermediary of,corporate,
Douglas Barrowman,Knox Worldwide Limited,Beneficiary of,member,
Knox House Trust Limited,Arthur John Lancaster,Chairman of,job,
Knox House Trust Limited,Timothy Clive Eve,Director of,job,
Knox House Trust Limited,Anthony Page,Director of,job,
Knox House Trust Limited,Voirrey Coole,Director of,job,
Ernst & Young Isle of Man,Arthur John Lancaster,1996-2003 Head of E&Y TAX of IofM (Director of Trust company and head of tax),job,
Boston Group Limited,Arthur John Lancaster,2003-2010 Group Managing Director (Family trusts with discretion),job,
Boston Group Limited,Conservative party,"Boston Group had given <a target=""_blank"" href=""http://search.electoralcommission.org.uk/?currentPage=1&rows=10&query=%22Boston%20Consultancy%22&sort=AcceptedDate&order=desc&tab=1&et=pp&et=ppm&et=tp&et=perpar&et=rd&isIrishSourceYes=true&isIrishSourceNo=true&prePoll=false&postPoll=true&register=gb&register=ni&register=none&optCols=Register&optCols=CampaigningName&optCols=AccountingUnitsAsCentralParty&optCols=IsSponsorship&optCols=IsIrishSource&optCols=RegulatedDoneeType&optCols=CompanyRegistrationNumber&optCols=Postcode&optCols=NatureOfDonation&optCols=PurposeOfVisit&optCols=DonationAction&optCols=ReportedDate&optCols=IsReportedPrePoll&optCols=ReportingPeriodName&optCols=IsBequest&optCols=IsAggregation"">over £125,000 to the Conservative party</a> between 2008-2009",donor,125
Ian Cameron,Blairmore Holdings Inc,Director of,corporate,
Ian Cameron,David Cameron,Father of,family,
Blairmore Holdings Inc,Aberdeenshire,Company named after Cameron family house in Aberdeenshire,family,
Carnegie Knox Limited,Aberdeenshire,"Company registered R & A House Blackburn Business Park, Woodburn Road, Blackburn, Aberdeen, AB21 0PS",corporate,
Carnegie Knox Limited,Timothy Clive Eve,Director of,job,
Carnegie Knox (Scotland) Limited,Aberdeenshire,"Company registered R & A House Blackburn Business Park, Woodburn Road, Blackburn, Aberdeen, AB21 0PS",corporate,
Carnegie Knox (Scotland) Limited,Timothy Clive Eve,Director of,job,
Oil Workers,Aberdeenshire,Job type caught up in Loan Charge,job,
David Cameron,Michelle Mone,Made Michelle a Conservative peer in 2015.,member,
Timothy Clive Eve,ICAEW,"Member of <a target=""_blank"" href=""https://find.icaew.com/members/london/timothy-eve/ZjRiUA"">ICAEW Member</a>",member,
Arthur John Lancaster,ICAEW,"Member of <a target=""_blank"" href=""https://find.icaew.com/members/london/arthur-lancaster/Z1kuyw9"">ICAEW Member</a>",member,
Lancaster Knox LLP,ICAEW,LLP with registered ICAEW accountants - https://find.icaew.com/firms/london/lancaster-knox-llp/PDmLx,member,
CREECHURCH ASSET MANAGEMENT LIMITED,Arthur John Lancaster,Director of,job,
CREECHURCH ASSET MANAGEMENT LIMITED,Knox Limited,Control of,corporate,
Lancaster Knox Consultancy Limited,Arthur John Lancaster,Director of,job,
Lancaster Knox Consultancy Limited,Knox Limited,Control of,corporate,
Lasenby Knox Limited,Arthur John Lancaster,Director of,job,
Lasenby Knox Limited,Knox Limited,Control of,corporate,
KNOX CAPITAL SOLUTIONS (UK) LIMITED,Arthur John Lancaster,Director of,job,
KNOX CAPITAL SOLUTIONS (UK) LIMITED,Douglas Barrowman,Former Chairmen of,job,
KNOX CAPITAL SOLUTIONS (UK) LIMITED,Knox Capital Solutions Limited,Control of,corporate,
AML Tax (UK) Limited,Arthur John Lancaster,Director of,job,
Monthly Advanced Loans Limited,Timothy Clive Eve,Director of,job,
Monthly Advanced Loans Limited,Andrew Douglas John Barrowman,Director of,job,
Monthly Advanced Loans Limited,Daniel John Clay,Director of,job,
Monthly Advanced Loans Limited,MAL (HOLDINGS) LIMITED,Control of,corporate,
Douglas Barrowman,Andrew Douglas John Barrowman,Father of,family,
GB Knox Limited,Timothy Clive Eve,Director of,job,
Clay Knox 100 Limited,Timothy Clive Eve,Director of,job,
Clay Knox 100 Limited,Daniel John Clay,Director of,job,
Boston Trust Company Limited,Gondola Limited,Gondola Employee Benefit Trust 2005,corporate,
Gondola Employee Benefit Trust 2005,Arthur John Lancaster,Care of,corporate,
Gondola Employee Benefit Trust 2005,Boston Fiducairy Management Limited,Care of,corporate,
David Ross,Gondola Group Limited,Chairman of,job,
White Collar Financial Limited,Anthony George Andrew Ward,Anthony George Andrew Ward is a director of White Collar Financial Limited,job,
ASMG Limited,Ravi Prasad Ramyead,Ravi Prasad Ramyead was a director of ASMG Limited,job,
Theta Partners Limited,Anthony George Andrew Ward,Anthony George Andrew Ward was a director of Theta Partners Limited,job,
Theta Partners Limited,Ravi Prasad Ramyead,Ravi Prasad Ramyead was a director of Theta Partners Limited,job,
Conservative party,Richard Sharp,"Richard Sharp has given <a target=""_blank"" href=""http://search.electoralcommission.org.uk/?currentPage=2&rows=10&query=Richard%20S%20Sharp&sort=AcceptedDate&order=desc&tab=1&et=pp&et=ppm&et=tp&et=perpar&et=rd&isIrishSourceYes=true&isIrishSourceNo=true&prePoll=false&postPoll=true&register=gb&register=ni&register=none&optCols=Register&optCols=CampaigningName&optCols=AccountingUnitsAsCentralParty&optCols=IsSponsorship&optCols=IsIrishSource&optCols=RegulatedDoneeType&optCols=CompanyRegistrationNumber&optCols=Postcode&optCols=NatureOfDonation&optCols=PurposeOfVisit&optCols=DonationAction&optCols=ReportedDate&optCols=IsReportedPrePoll&optCols=ReportingPeriodName&optCols=IsBequest&optCols=IsAggregation"">over £416,189 to the Conservative party</a> since 2001",donor,416
Gondola Group Limited,Boston Trust Company Limited,Gondola Employee Benefit Trust 2005,corporate,
David Cameron,Graham Aaronson QC,"David Cameron asked Graham Aaronson to review fathers fund <a target=""_blank"" href=""https://web.archive.org/web/20191016085526/https://www.politicshome.com/news/uk/economy/financial-sector/opinion/73541/top-lawyer-ian-camerons-investment-fund-was-not-tax"">Graham Aaronson</a>",job,
Ernst & Young Holdings Limited,Ernst & Young Isle of Man,Ernst & Young Holdings Limited incorporated Isle of Man,corporate,
Richard Sharp,ONCIMMUNE HOLDINGS PLC,Richard Sharp was a director up until May 2020 (from 2015),job,
JPMorgan,UBS,EBTs used for bankers bonuses in late 90s early 2000s,corporate,
JPMorgan,Deutsche Bank,EBTs used for bankers bonuses in late 90s early 2000s,corporate,
JPMorgan,Goldman Sachs,EBTs used for bankers bonuses in late 90s early 2000s,corporate,
UBS,Deutsche Bank,EBTs used for bankers bonuses in late 90s early 2000s,corporate,
UBS,Goldman Sachs,EBTs used for bankers bonuses in late 90s early 2000s,corporate,
Goldman Sachs,Deutsche Bank,EBTs used for bankers bonuses in late 90s early 2000s,corporate,
Sajid Javid,Deutsche Bank,Worked at Deutsche Bank 2000-2009,job,
Richard Sharp,Goldman Sachs,Worked at Goldman Sachs up to 1985-2007 - 1999 –2007: Head of Principal Investment Area (Private Equityand Mezzanine);Member of European Management Committee,job,
Rishi Sunak,Goldman Sachs,Worked at Goldman Sachs up to 2004,job,
Richard Sharp,Rishi Sunak,Boss of Rishi Sunak and mentor at Goldman Sachs,job,
Carnegie Knox (Scotland) Ltd,Carnegie Knox Limited,"Both companies registered R&A House, Woodburn Road Blackburn Aberdeen AB21 0PS",corporate,
Carnegie Knox (Scotland) Ltd,Aberdeenshire,"Compnay registered R&A House, Woodburn Road Blackburn Aberdeen AB21 0PS",corporate,
Arthur John Lancaster,Knox Investment Consulting Limited,Secretary & Director,job,
George Osborne,OSBORNE & LITTLE LIMITED,"Director of <a target=""_blank"" href=""https://www.mirror.co.uk/news/uk-news/george-osbornes-family-firm-gained-6022681"">Repugnant</a>",job,
Arthur John Lancaster,Coopers & Lybrand,Arthur Lancaster 1996-2003 Senior Tax Manager - initially working in the Private Client and Entrepreneurs Division where he provided tax advice to many high profile clients.,job,
Arthur John Lancaster,Boston Fiduciary Management Limited,2003-2010 Group Managing Director (Family trusts with discretion),job,
Arthur John Lancaster,Boston Trust Company Limited,2003-2010 Group Managing Director (Family trusts with discretion),job,
Arthur John Lancaster,Boston Limited,2003-2010 Group Managing Director (Family trusts with discretion),job,
Arthur John Lancaster,Boston Consultancy Group Ltd,2003-2010 Group Managing Director (Family trusts with discretion),job,
David Gauke,Macfarlanes LLP,Worked at Macfarlanes before MP and then moved back to them after MP in May 2020,job,
Conservative party,David Gauke,"Exchequer Secretary to the Treasury 2010-2014, Financial Secretary to the Treasury 2014-2016, Chief Secretary to the Treasury 2016-2017",job,
Conservative party,George Osborne,former Chancellor of the Exchequor,job,
Conservative party,John Glen,Economic Secretary to the Treasury,job,
John Glen,Accenture PLC,Former Accenture employee,job,
Blairmore House,David Cameron,family home,family,
Blairmore Holdings Inc,David Cameron,Fathers fund that David benefited from,family,
Arthur John Lancaster,Namur LLP,Arthur John Lancaster is a Designated member of,member,
Nikolas Heath,Pay Group Limited,Director of,job,
Nikolas Heath,Best Payment Services Limited,Director of,job,
Nikolas Heath,Oliver Heath Consulting Limited,Director of,job,
Nikolas Heath,Contractor Central Accounting Limited,Director of,job,
SmartPay Limited,Nikolas Heath,Nikolas Heath is a director of SmartPay Limited,job,
Andrew Simpson,AML Tax (UK) Limited,Director of,job,
Arthur John Lancaster,AML Tax (UK) Limited,Director of,job,
Christopher Sparkes,AML Tax (UK) Limited,Director of,job,
Deborah Illingworth,Aston Asset Management Limited,Director of,job,
Douglas Barrowman,Aston Asset Management Limited,Director of,job,
Knox Group,Elizabeth Nerys Anne Rowlands,Group Marketing Director of Knox Group,job,
Contracting Scout Limited,Elizabeth Nerys Anne Rowlands,Director of Contracting Scout Limited,job,
Contracting Scout Limited,Nikolas Heath,Director (resigned) of Contracting Scout Limited,job,
Contracting Wise Limited,Isle of Man,Contracting Wise Limited registered in the Isle Of Man,jurisdiction,
Contracting Wise Limited,Knox Group,Contracting Wise Limited is part of the Know Group of companies,corporate,
MMI Global Unlimited,Knox Limited,Knox Limited has significant control of MMI Global Unlimited,corporate,
MMI Global Unlimited,Michelle Mone,Director of MMI Global Unlimited,job,
MJM International Limited,Michelle Mone,Director (resigned) of MJM and use of EBTs - https://www.heraldscotland.com/news/13593438.new-tory-business-start-up-czar-michelle-mone-insists-you-wont-break-me-following-tax-avoidance-row/,job,
MJM International Limited,Arthur John Lancaster,Director of MJM International Limited with significant control,job,
Marra Solutions Limited,Isle of Man,Marra Solutions Limited is registered in the Isle Of Man,jurisdiction,
Marra Solutions Limited,Simeon Berry,Simeon Berry is a director of Marra Solutions Limited,job,
Marra Solutions Limited,Independent Contractor Services Limited,Independent Contractor Services Limited promoted Marra Solutions Limited,corporate,
Dynamic Partners Consultants Limited,Andrew William Thompson,Andrew William Thompson is a director of Dynamic Partners Consultants Limited,job,
Dynamic Partners Consultants Limited,Felicitas Solutions Limited,Felicitas Solutions Limited have decided NOT to recover loans from Dynamic Partners Consultants Limited,demand,
ECS International Trustees Limited,Felicitas Solutions Limited,Felicitas Solutions Limited have decided NOT to recover loans from ECS International Trustees Limited,demand,
ECS International Trustees Limited,Isle of Man,ECS International Trustees Limited are registered in the Isle of Man,jurisdiction,
Principal Contracts Limited (PCL),Isle of Man,Principal Contracts Limited (PCL) is registered in the Isle of Man,jurisdiction,
Principal Contracts Limited (PCL),Knox House Trust Limited,Knox House Trust Limited are the original share-holders of Principal Contracts Limited (PCL),corporate,
Link Payroll Limited,Michael Joseph Millsopp,Michael Joseph Millsopp was a director of Link Payroll Limited,job,
Millhage Consultants Limited,Michael Joseph Millsopp,Michael Joseph Millsopp is a director of Millhage Consultants Limited,job,
Millhage Management Services Limited,Michael Joseph Millsopp,Michael Joseph Millsopp is a director of Millhage Management Services Limited,job,
Millhage Consultants Limited,Link Payroll Limited,Link Payroll Limited promoted Millhage Consultants Limited,corporate,
Belize Offshore Services Limited,Belize,Belize Offshore Services Limited is based in Belize,jurisdiction,
Paul Michael Baxendale-Walker,Baxendale Walker LLP,Paul is a designated member of Brunswick Wealth LLP,job,
Belize Offshore Services Limited,Baxendale Walker LLP,Belize Offshore Services Limited is a designated member of Brunswick Wealth LLP,corporate,
Millhage Consultants Limited,Belize Offshore Services Limited,Millhage Consultants Limited and Belize Offshore Services Limited were joint signatories on scheme deeds,corporate,
Cascade Management Solutions Limited,Penfolds Limited,Cascade was the billing service for Penfolds and also provided sales and marketing.,corporate,
Marra Solutions Limited,Merchant Group Limited,Marra Solutions Limited clients were transferred to Merchant Group Limited,corporate,
Merchant Group Limited,Aston Management Limited,Merchant Group Limited clients were transferred to Aston Management Limited in 2010/2011,corporate,